{"cameraMode":{"drawMode":0,"name":"Shaded","section":"Shading Mode"},"sceneLighting":true,"audioPlay":false,"sceneViewState":{"showFog":true,"showMaterialUpdate":false,"showSkybox":true,"showFlares":true,"showImageEffects":true,"showParticleSystems":true,"showVisualEffectGraphs":true,"m_FxEnabled":true},"in2DMode":false,"pivot":{"x":-0.8826460838317871,"y":-0.5149040222167969,"z":2.0506458282470705},"rotation":{"x":0.3234711289405823,"y":0.004257404711097479,"z":-0.0014556582318618894,"w":0.9462302327156067},"size":4.013338565826416,"orthographic":false}