{"cameraMode":{"drawMode":0,"name":"Shaded","section":"Shading Mode"},"sceneLighting":false,"audioPlay":false,"sceneViewState":{"showFog":true,"showMaterialUpdate":false,"showSkybox":false,"showFlares":true,"showImageEffects":true,"showParticleSystems":true,"showVisualEffectGraphs":true,"m_FxEnabled":true},"in2DMode":false,"pivot":{"x":0.010053381323814392,"y":0.9076297283172607,"z":1.3300000429153443},"rotation":{"x":0.29474392533302309,"y":-0.27434784173965456,"z":0.08875838667154312,"w":0.9110361337661743},"size":0.17320510745048524,"orthographic":false}